Model,Average Score
RLiG,0.8574668726305045
CTABGAN,0.8452193292732939
GANBLR,0.8345053364911417
GANBLR++,0.8263820538057743
NB,0.5821331354576772
GREAT,0.5196666700842082
TABSYN,0.4792967468421916
CTGAN,0.4653884206856955
